Produto,Preço
"UnionSine SSD externo USB C de 128 GB, pen drive USB 3.2 de até 450 MB/s, mini drive USB tipo C para iPhone 15/16/17, telefone Android, laptop, tablet, TV, áudio automotivo","R$265,05"
Pendrive 32GB USB 2.0 Metálico - Compacto Portátil Armazenamento Seguro Alta Velocidade Transferência de Dados Plug Play para PC Notebook Rápida Leve Resistente Prateado Chaveiro Sem Tampa (32GB),"R$47,90"
"Pen Drive 2 em 1 – 128GB USB e Tipo-C Plug and Play Compatível com Android | Plug & Play, Para Smartphones e Tablets, Para Computadores, Transferência Ultra Rápida, Seguro e Confiável","R$108,39"
"Tecnoark Pen Drive OTG 128GB, USB Tipo C, Compatível com Notebooks e Celulares Android, Preto","R$170,00"
Pen Drive Twist 64GB USB com Leitura até 10MB/s e Gravação até 3MB/s Preto Multi - PD590,"R$64,90"
Pendrive Redragon e Hiksemi Luma 128GB USB 2.0,"R$65,77"
Pen Drive Twist 16GB USB Leitura 10MB/s e Gravação 3MB/s Preto Multi - PD588,"R$46,70"
Pen Drive Twist 8Gb Usb Leitura 10Mbs Gravação 3Mbs Preto Multi - PD587,"R$41,50"
Pendrive 64GB USB 2.0 Metálico - Compacto Portátil Armazenamento Seguro Alta Velocidade Transferência de Dados Plug Play para PC Notebook Rápida Leve Resistente Prateado Chaveiro Pen Drive Sem Tampa,"R$52,15"
Kingston Flash Drive Exodia M 128GB USB,"R$115,42"
"Pen Drive Cruzer Blade, SanDisk, 64GB, SDCZ60-064G-B35, Preto | Unidade flash USB para facilitar a transferência de fotos, vídeos, músicas e outros arquivos entre computadores","R$47,94"
"PenDrive SanDisk Cruzer Ultra Flair 32GB, Prata | Até 150 MB/s","R$89,90"
"Pen Drive Cruzer Blade, SanDisk, 32GB, SDCZ60-032G-B35","R$45,01"
Pen Drive 128gb Cruzer Blade - Sandisk | Pendrive,"R$73,00"
"Pen Drive Chaveiro Metálico USB 2.0 – 4GB, 8GB, 16GB, 32GB ou 64GB Portátil Compatível PC Notebook TV e Carro (8, GB)","R$35,90"
"Pen drive USB 2.0 Portátil Alta Velocidade Portátil com Proteção Giratória Ideal para Fotos Vídeos PC TV Notebook e Som automotivo (32, GB)","R$47,90"
Pendrive Sandisk 64gb Cruzer Glide 3.0,"R$73,53"
"Pen Drive 64 gb USB-C e USB-A 3.0 Duplo Conector Metal Giratório | 2 em 1 USB-C e USB-A, Design Giratório, Corpo Metálico, Compatível com PC e Mac, Porta-chaves Integrado","R$84,90"
"Kingston 64Gb Datatraveler Exo Type-A Flash Drive Usb 3.2, Gen1","R$70,58"
Sandisk Ultra Shift Usb 3.0 Flash Drive 32Gb,"R$70,96"
"Pen Drive USB Giratório em Metal, Alta Velocidade para PC, Notebook, TV e Som Automotivo (32, GB)","R$44,90"
"Pen Drive Chaveiro Metálico USB 2.0 – 4GB, 8GB, 16GB, 32GB ou 64GB Portátil Compatível PC Notebook TV e Carro (8, GB)","R$35,90"
"Pen Drive 64 gb USB-C e USB-A 3.0 Duplo Conector Metal Giratório | 2 em 1 USB-C e USB-A, Design Giratório, Corpo Metálico, Compatível com PC e Mac, Porta-chaves Integrado","R$84,90"
"Pen Drive Chaveiro Metálico USB 2.0, 16GB | Portátil, Design Chaveiro","R$42,90"
Pendrive Hiksemi Dual Slim 64GB com conexão USB C e USB A,"R$97,63"
Pen Drive Sandisk 32GB | USB 2.0 | Cruze Blade | SDCZ50-032G-B35 para PC e MAC 0434,"R$42,64"
Pendrive 32GB USB 2.0 Metálico - Compacto Portátil Armazenamento Seguro Alta Velocidade Transferência de Dados Plug Play para PC Notebook Rápida Leve Resistente Prateado Chaveiro Sem Tampa (32GB),"R$47,90"
"Pen Drive Ultra Fit SanDisk 3.1, 64GB, SDCZ430-064G-G46","R$122,56"
"Pen Drive Chaveiro Metálico USB 2.0, 64GB | Portátil","R$58,90"
"SanDisk® Ultra Shift™ USB 3.2 Flash Drive, Bachelor Button","R$82,12"
SAMSUNG BAR Plus 64 GB - 300 MB/s USB 3.1 Flash Drive Titan Cinza (MUF-64BE4/AM),"R$164,00"
"SAMSUNG Flash Drive USB BAR Plus 3.1, 128 GB, 400 MB/s, invólucro de metal resistente, expansão de armazenamento para fotos, vídeos, música, arquivos, MUF-128BE4/AM, Titan Grey","R$289,40"
Pen Drive 128GB Type-C Z450 USB 3.1 150MB/S - SanDisk,"R$195,80"
"Sandisk Pen drive USB Cruzer Blade, 64 GB, preto/vermelho (SDCZ50-064G-A46)","R$49,90"
SanDisk® Ultra Shift™ USB 3.2 Flash Drive Cattleya Orchid,"R$103,78"
Pendrive Redragon e Hiksemi Luma Flash 64GB USB 3.0,"R$78,99"
Pendrive Hiksemi Dual Slim 128GB com conexão USB C e USB A,"R$133,95"
"Pendrive 64GB USB 2.0 Metálico Chaveiro | Plug & Play, Alta Velocidade","R$56,50"
Kingston DataTraveler SE9 Geração 3-128 GB - Leitura de 220 MB/s - Metal - USB 3.2 Geração 1 - Ouro,"R$213,07"
"SanDisk® Ultra Shift™ USB 3.2 Flash Drive, Bachelor Button","R$104,11"
Pendrive Hiksemi Dual Slim 32GB com conexão USB C e USB A,"R$96,02"
PENDRIVE 32GB U278 EM ALUMINIO USB 2.0 NETAC NT03U278N-032G-20PN,"R$59,98"
"SanDisk® Ultra Shift™ USB 3.2 Flash Drive, 64GB, Evening Primrose","R$103,78"
Pen drive Adata C008 64GB USB 2.0 - Preto e vermelho,"R$66,44"
SanDisk Ultra Dual Drive Luxe USB Tipo-C e USB-A Flash Drive 128GB - SDDDC4-128G-G46,"R$280,36"
Pen Drive 2 em 1 Leitor USB + Cartão de Memória Classe 10 32GB Preto Multi - MC163,"R$73,86"
Pen Drive A-Data UV250 32GB USB 2.0 Prata,"R$74,13"
"Pen Drive USB Giratório em Metal, Alta Velocidade para PC, Notebook, TV e Som Automotivo (64, GB)","R$59,90"
"SANDISK Flash Drive USB-C de 64 GB, edição da Copa do Mundo da FIFA 2026 - velocidades de transferência de até 300 MB/s, USB 3.2 geração 1, USB tipo C - Preto - SDCZIA-064G-G46","R$99,90"
"Kingston Flash Drive USB Exodia S 128 GB | USB 3.2 Geração 1 com tampa giratória e capacidade de 512 GB para documentos, vídeos e música","R$110,00"
Pen Drive Hikvision M200 64gb Usb 3.0 - Hs-usb-m200/64g/u3,"R$89,90"
"Pen Drive Chaveiro Metálico – Armazenamento Portátil Compacto e Resistente (16, GB)","R$42,90"
"Pen Drive Ultra Fit SanDisk 3.1, 128GB, SDCZ430-128G-G46","R$188,86"
Cruzer Blade™ Pen Drive USB 3 Unidades,"R$184,41"
"SanDisk Cruzer Blade Electric Blue, Pendrive","R$78,90"
"H'MASTON Pen Drive 8GB 2 em 1 Pen Drive USB-C + USB 3.0 Máxima 140 Mbps/s Caixa em Liga Metálica Compatível com Samsung Xiaomi PC Notebook Cor PRETO (8, GB)","R$58,89"
PENDRIVE 32GB UM2 EM ALUMINIO/PLASTICO VERMELHO USB 3.2 NETAC NT03UM2N-032G-32RE,"R$69,12"
Pen Drive 128GB U352 Usb 2.0 Netac/Plug and Play/Suporte para Windows xp/Mac/Linux/no Brasil,"R$97,83"
PENDRIVE 32GB UA31 EM PLASTICO AZUL USB 2.0 NETAC NT03UA31N-032G-20BL,"R$68,92"
PENDRIVE 128GB U278 EM ALUMINIO USB 3.0 NETAC NT03U278N-128G-30PN,"R$116,41"
